1,2,1.00E-04
2,3,1.00E-04
4,2,1.00E-04
5,6,1.00E-04
7,6,1.00E-04
8,1,1.00E-04
7,4,1.00E-04
5,3,1.00E-04
1,7,1.00E-04
3,8,1.00E-04
4,5,1.00E-04
6,8,1.00E-04
9,10,1.00E-04
11,12,1.00E-04
13,10,1.00E-04
10,14,1.00E-04
14,15,1.00E-04
15,16,1.00E-04
16,13,1.00E-04
17,14,1.00E-04
9,12,1.00E-04
18,9,1.00E-04
19,18,1.00E-04
20,19,1.00E-04
12,20,1.00E-04
11,13,1.00E-04
21,11,1.00E-04
22,21,1.00E-04
21,23,1.00E-04
17,18,1.00E-04
24,17,1.00E-04
25,24,1.00E-04
26,15,1.00E-04
24,26,1.00E-04
22,16,1.00E-04
20,23,1.00E-04
25,19,1.00E-04
22,27,1.00E-04
28,23,1.00E-04
27,28,1.00E-04
25,28,1.00E-04
27,26,1.00E-04
29,30,1.00E-04
31,29,1.00E-04
32,31,1.00E-04
33,32,1.00E-04
34,33,1.00E-04
30,34,1.00E-04
31,10,1.00E-04
29,35,1.00E-04
30,36,1.00E-04
37,34,1.00E-04
38,39,1.00E-04
37,38,1.00E-04
33,39,1.00E-04
32,40,1.00E-04
35,14,1.00E-04
41,35,1.00E-04
42,41,1.00E-04
36,41,1.00E-04
43,36,1.00E-04
37,43,1.00E-04
44,38,1.00E-04
45,44,1.00E-04
43,45,1.00E-04
46,39,1.00E-04
47,46,1.00E-04
40,46,1.00E-04
13,40,1.00E-04
42,15,1.00E-04
45,42,1.00E-04
47,44,1.00E-04
16,47,1.00E-04
48,49,1.00E-04
50,48,1.00E-04
51,50,1.00E-04
52,51,1.00E-04
53,52,1.00E-04
49,53,1.00E-04
54,55,1.00E-04
50,54,1.00E-04
48,56,1.00E-04
49,40,1.00E-04
11,53,1.00E-04
12,57,1.00E-04
52,57,1.00E-04
51,58,1.00E-04
56,55,1.00E-04
32,56,1.00E-04
59,57,1.00E-04
60,59,1.00E-04
58,59,1.00E-04
61,58,1.00E-04
54,61,1.00E-04
62,55,1.00E-04
63,62,1.00E-04
61,63,1.00E-04
31,62,1.00E-04
60,9,1.00E-04
63,60,1.00E-04
64,65,1.00E-04
47,64,1.00E-04
66,46,1.00E-04
67,66,1.00E-04
65,67,1.00E-04
64,68,1.00E-04
65,69,1.00E-04
70,67,1.00E-04
71,72,1.00E-04
70,71,1.00E-04
66,72,1.00E-04
68,22,1.00E-04
73,68,1.00E-04
74,73,1.00E-04
69,73,1.00E-04
75,69,1.00E-04
70,75,1.00E-04
76,71,1.00E-04
77,76,1.00E-04
75,77,1.00E-04
49,72,1.00E-04
74,21,1.00E-04
77,74,1.00E-04
53,76,1.00E-04
78,79,1.00E-04
80,79,1.00E-04
79,81,1.00E-04
81,82,1.00E-04
82,83,1.00E-04
83,80,1.00E-04
84,81,1.00E-04
78,56,1.00E-04
85,78,1.00E-04
33,85,1.00E-04
48,80,1.00E-04
84,85,1.00E-04
86,84,1.00E-04
39,86,1.00E-04
87,82,1.00E-04
86,87,1.00E-04
72,83,1.00E-04
66,87,1.00E-04
88,89,1.00E-04
90,91,1.00E-04
92,89,1.00E-04
89,93,1.00E-04
93,94,1.00E-04
94,95,1.00E-04
95,92,1.00E-04
96,93,1.00E-04
88,91,1.00E-04
97,88,1.00E-04
98,97,1.00E-04
99,98,1.00E-04
91,99,1.00E-04
90,92,1.00E-04
54,90,1.00E-04
96,97,1.00E-04
100,96,1.00E-04
101,100,1.00E-04
102,94,1.00E-04
100,102,1.00E-04
55,95,1.00E-04
99,61,1.00E-04
101,98,1.00E-04
101,63,1.00E-04
62,102,1.00E-04
103,104,1.00E-04
105,103,1.00E-04
94,105,1.00E-04
106,95,1.00E-04
104,106,1.00E-04
107,108,1.00E-04
105,107,1.00E-04
103,109,1.00E-04
104,110,1.00E-04
78,106,1.00E-04
109,108,1.00E-04
111,109,1.00E-04
34,111,1.00E-04
110,111,1.00E-04
85,110,1.00E-04
112,102,1.00E-04
107,112,1.00E-04
30,108,1.00E-04
112,29,1.00E-04
113,106,1.00E-04
114,113,1.00E-04
115,114,1.00E-04
79,115,1.00E-04
116,115,1.00E-04
117,118,1.00E-04
116,117,1.00E-04
114,118,1.00E-04
113,119,1.00E-04
120,80,1.00E-04
116,120,1.00E-04
121,117,1.00E-04
122,121,1.00E-04
120,122,1.00E-04
123,118,1.00E-04
124,123,1.00E-04
119,123,1.00E-04
92,119,1.00E-04
122,50,1.00E-04
124,121,1.00E-04
90,124,1.00E-04
125,126,1.00E-04
127,128,1.00E-04
129,126,1.00E-04
126,71,1.00E-04
70,130,1.00E-04
130,129,1.00E-04
125,128,1.00E-04
131,125,1.00E-04
132,131,1.00E-04
133,132,1.00E-04
128,133,1.00E-04
127,129,1.00E-04
134,127,1.00E-04
135,134,1.00E-04
134,136,1.00E-04
76,131,1.00E-04
137,77,1.00E-04
135,130,1.00E-04
133,136,1.00E-04
137,132,1.00E-04
135,138,1.00E-04
139,136,1.00E-04
138,139,1.00E-04
137,139,1.00E-04
138,75,1.00E-04
140,83,1.00E-04
141,140,1.00E-04
142,141,1.00E-04
143,142,1.00E-04
82,143,1.00E-04
140,126,1.00E-04
144,143,1.00E-04
145,146,1.00E-04
144,145,1.00E-04
142,146,1.00E-04
141,147,1.00E-04
148,87,1.00E-04
144,148,1.00E-04
149,145,1.00E-04
150,149,1.00E-04
148,150,1.00E-04
151,146,1.00E-04
152,151,1.00E-04
147,151,1.00E-04
129,147,1.00E-04
150,67,1.00E-04
152,149,1.00E-04
130,152,1.00E-04
153,154,1.00E-04
155,153,1.00E-04
125,155,1.00E-04
154,140,1.00E-04
156,157,1.00E-04
155,156,1.00E-04
153,158,1.00E-04
154,120,1.00E-04
158,157,1.00E-04
122,158,1.00E-04
159,131,1.00E-04
156,159,1.00E-04
51,157,1.00E-04
159,52,1.00E-04
160,161,1.00E-04
162,163,1.00E-04
164,161,1.00E-04
161,117,1.00E-04
116,165,1.00E-04
165,164,1.00E-04
160,163,1.00E-04
166,160,1.00E-04
167,166,1.00E-04
168,167,1.00E-04
163,168,1.00E-04
162,164,1.00E-04
169,162,1.00E-04
170,169,1.00E-04
169,171,1.00E-04
121,166,1.00E-04
170,165,1.00E-04
168,171,1.00E-04
158,167,1.00E-04
170,154,1.00E-04
153,171,1.00E-04
172,173,1.00E-04
115,172,1.00E-04
174,165,1.00E-04
173,174,1.00E-04
172,175,1.00E-04
173,176,1.00E-04
177,174,1.00E-04
178,170,1.00E-04
177,178,1.00E-04
175,81,1.00E-04
179,175,1.00E-04
143,179,1.00E-04
176,179,1.00E-04
180,176,1.00E-04
177,180,1.00E-04
141,178,1.00E-04
180,142,1.00E-04
37,181,1.00E-04
182,38,1.00E-04
183,181,1.00E-04
181,184,1.00E-04
184,185,1.00E-04
185,186,1.00E-04
186,183,1.00E-04
187,184,1.00E-04
182,183,1.00E-04
188,182,1.00E-04
189,188,1.00E-04
188,190,1.00E-04
187,43,1.00E-04
191,187,1.00E-04
192,191,1.00E-04
193,185,1.00E-04
191,193,1.00E-04
189,186,1.00E-04
44,190,1.00E-04
192,45,1.00E-04
189,194,1.00E-04
195,190,1.00E-04
194,195,1.00E-04
192,195,1.00E-04
194,193,1.00E-04
196,197,1.00E-04
198,196,1.00E-04
84,198,1.00E-04
199,86,1.00E-04
197,199,1.00E-04
200,201,1.00E-04
198,200,1.00E-04
196,202,1.00E-04
197,203,1.00E-04
182,199,1.00E-04
202,201,1.00E-04
204,202,1.00E-04
205,204,1.00E-04
203,204,1.00E-04
183,203,1.00E-04
200,110,1.00E-04
206,201,1.00E-04
111,206,1.00E-04
205,206,1.00E-04
181,205,1.00E-04
207,199,1.00E-04
208,207,1.00E-04
209,208,1.00E-04
188,209,1.00E-04
210,209,1.00E-04
211,212,1.00E-04
210,211,1.00E-04
208,212,1.00E-04
207,148,1.00E-04
213,190,1.00E-04
210,213,1.00E-04
65,211,1.00E-04
213,64,1.00E-04
150,212,1.00E-04
214,215,1.00E-04
216,217,1.00E-04
218,215,1.00E-04
215,219,1.00E-04
219,220,1.00E-04
220,221,1.00E-04
221,218,1.00E-04
222,219,1.00E-04
214,217,1.00E-04
223,214,1.00E-04
103,223,1.00E-04
217,104,1.00E-04
216,218,1.00E-04
200,216,1.00E-04
222,223,1.00E-04
224,222,1.00E-04
109,224,1.00E-04
225,220,1.00E-04
224,225,1.00E-04
201,221,1.00E-04
206,225,1.00E-04
226,216,1.00E-04
227,226,1.00E-04
228,227,1.00E-04
198,228,1.00E-04
229,230,1.00E-04
226,229,1.00E-04
228,175,1.00E-04
227,231,1.00E-04
217,230,1.00E-04
231,172,1.00E-04
232,231,1.00E-04
229,232,1.00E-04
113,230,1.00E-04
232,114,1.00E-04
144,233,1.00E-04
234,145,1.00E-04
235,233,1.00E-04
233,236,1.00E-04
236,237,1.00E-04
237,238,1.00E-04
238,235,1.00E-04
207,236,1.00E-04
234,235,1.00E-04
239,234,1.00E-04
240,239,1.00E-04
239,241,1.00E-04
242,237,1.00E-04
208,242,1.00E-04
240,238,1.00E-04
149,241,1.00E-04
240,243,1.00E-04
244,241,1.00E-04
243,244,1.00E-04
212,244,1.00E-04
243,242,1.00E-04
179,245,1.00E-04
246,233,1.00E-04
245,246,1.00E-04
245,247,1.00E-04
248,246,1.00E-04
249,236,1.00E-04
248,249,1.00E-04
247,228,1.00E-04
250,247,1.00E-04
248,250,1.00E-04
197,249,1.00E-04
250,196,1.00E-04
251,252,1.00E-04
253,254,1.00E-04
255,252,1.00E-04
252,256,1.00E-04
256,257,1.00E-04
257,258,1.00E-04
258,255,1.00E-04
227,256,1.00E-04
251,254,1.00E-04
231,251,1.00E-04
254,173,1.00E-04
253,255,1.00E-04
259,253,1.00E-04
260,259,1.00E-04
259,176,1.00E-04
247,257,1.00E-04
260,258,1.00E-04
260,245,1.00E-04
261,262,1.00E-04
262,263,1.00E-04
264,262,1.00E-04
264,265,1.00E-04
266,263,1.00E-04
265,266,1.00E-04
267,268,1.00E-04
268,266,1.00E-04
269,261,1.00E-04
270,264,1.00E-04
268,269,1.00E-04
267,265,1.00E-04
261,270,1.00E-04
263,269,1.00E-04
270,267,1.00E-04
271,272,1.00E-04
273,274,1.00E-04
272,273,1.00E-04
275,276,1.00E-04
276,273,1.00E-04
271,277,1.00E-04
274,271,1.00E-04
276,278,1.00E-04
275,272,1.00E-04
278,274,1.00E-04
277,275,1.00E-04
277,278,1.00E-04
279,280,1.00E-04
279,281,1.00E-04
281,282,1.00E-04
283,281,1.00E-04
284,280,1.00E-04
285,284,1.00E-04
283,284,1.00E-04
286,279,1.00E-04
280,287,1.00E-04
288,285,1.00E-04
288,282,1.00E-04
282,286,1.00E-04
287,285,1.00E-04
288,283,1.00E-04
287,286,1.00E-04
59,289,1.00E-04
263,60,1.00E-04
18,266,1.00E-04
290,57,1.00E-04
19,291,1.00E-04
292,20,1.00E-04
289,269,1.00E-04
289,290,1.00E-04
291,268,1.00E-04
290,292,1.00E-04
292,291,1.00E-04
25,2,1.00E-04
293,28,1.00E-04
284,23,1.00E-04
1,291,1.00E-04
292,280,1.00E-04
293,3,1.00E-04
285,293,1.00E-04
8,287,1.00E-04
294,295,1.00E-04
294,157,1.00E-04
58,295,1.00E-04
290,296,1.00E-04
296,159,1.00E-04
297,294,1.00E-04
295,289,1.00E-04
296,297,1.00E-04
156,297,1.00E-04
298,299,1.00E-04
300,298,1.00E-04
88,300,1.00E-04
91,301,1.00E-04
298,301,1.00E-04
97,273,1.00E-04
302,301,1.00E-04
98,303,1.00E-04
304,99,1.00E-04
299,278,1.00E-04
274,300,1.00E-04
299,302,1.00E-04
303,276,1.00E-04
302,304,1.00E-04
304,303,1.00E-04
101,262,1.00E-04
261,303,1.00E-04
304,295,1.00E-04
305,306,1.00E-04
301,305,1.00E-04
307,308,1.00E-04
305,307,1.00E-04
302,309,1.00E-04
309,307,1.00E-04
298,306,1.00E-04
308,306,1.00E-04
309,310,1.00E-04
310,308,1.00E-04
299,310,1.00E-04
311,312,1.00E-04
313,312,1.00E-04
314,313,1.00E-04
315,313,1.00E-04
316,317,1.00E-04
311,317,1.00E-04
315,311,1.00E-04
312,316,1.00E-04
318,314,1.00E-04
316,314,1.00E-04
318,315,1.00E-04
317,318,1.00E-04
319,320,1.00E-04
155,319,1.00E-04
128,321,1.00E-04
319,321,1.00E-04
322,321,1.00E-04
132,323,1.00E-04
324,133,1.00E-04
320,297,1.00E-04
320,322,1.00E-04
323,296,1.00E-04
322,324,1.00E-04
324,323,1.00E-04
137,281,1.00E-04
325,139,1.00E-04
313,136,1.00E-04
279,323,1.00E-04
324,312,1.00E-04
325,282,1.00E-04
314,325,1.00E-04
286,316,1.00E-04
326,327,1.00E-04
328,327,1.00E-04
319,328,1.00E-04
329,328,1.00E-04
330,329,1.00E-04
321,330,1.00E-04
329,326,1.00E-04
327,320,1.00E-04
330,331,1.00E-04
322,331,1.00E-04
326,331,1.00E-04
332,333,1.00E-04
334,332,1.00E-04
160,334,1.00E-04
163,335,1.00E-04
332,335,1.00E-04
166,307,1.00E-04
336,335,1.00E-04
167,337,1.00E-04
338,168,1.00E-04
333,310,1.00E-04
308,334,1.00E-04
333,336,1.00E-04
337,309,1.00E-04
336,338,1.00E-04
338,337,1.00E-04
328,171,1.00E-04
294,337,1.00E-04
338,327,1.00E-04
339,340,1.00E-04
335,339,1.00E-04
333,341,1.00E-04
332,340,1.00E-04
339,342,1.00E-04
336,342,1.00E-04
341,342,1.00E-04
341,340,1.00E-04
343,344,1.00E-04
344,345,1.00E-04
345,346,1.00E-04
346,347,1.00E-04
347,343,1.00E-04
348,345,1.00E-04
349,343,1.00E-04
349,350,1.00E-04
350,348,1.00E-04
351,347,1.00E-04
352,346,1.00E-04
350,344,1.00E-04
351,349,1.00E-04
348,352,1.00E-04
352,351,1.00E-04
41,353,1.00E-04
344,42,1.00E-04
26,343,1.00E-04
354,35,1.00E-04
24,355,1.00E-04
356,17,1.00E-04
353,350,1.00E-04
353,354,1.00E-04
355,349,1.00E-04
354,356,1.00E-04
356,355,1.00E-04
356,265,1.00E-04
4,355,1.00E-04
7,267,1.00E-04
357,108,1.00E-04
358,112,1.00E-04
354,358,1.00E-04
357,359,1.00E-04
359,36,1.00E-04
358,360,1.00E-04
360,357,1.00E-04
353,359,1.00E-04
360,107,1.00E-04
361,362,1.00E-04
105,361,1.00E-04
93,363,1.00E-04
361,363,1.00E-04
364,363,1.00E-04
100,365,1.00E-04
366,96,1.00E-04
362,360,1.00E-04
362,364,1.00E-04
365,358,1.00E-04
364,366,1.00E-04
366,365,1.00E-04
366,272,1.00E-04
264,365,1.00E-04
270,275,1.00E-04
367,368,1.00E-04
364,369,1.00E-04
370,371,1.00E-04
372,368,1.00E-04
371,372,1.00E-04
363,367,1.00E-04
361,372,1.00E-04
367,369,1.00E-04
368,370,1.00E-04
362,371,1.00E-04
370,369,1.00E-04
73,373,1.00E-04
283,74,1.00E-04
374,68,1.00E-04
375,27,1.00E-04
373,288,1.00E-04
373,374,1.00E-04
374,375,1.00E-04
375,293,1.00E-04
375,347,1.00E-04
5,351,1.00E-04
211,376,1.00E-04
376,377,1.00E-04
377,69,1.00E-04
378,213,1.00E-04
374,378,1.00E-04
373,377,1.00E-04
379,378,1.00E-04
379,376,1.00E-04
379,210,1.00E-04
192,345,1.00E-04
380,195,1.00E-04
380,346,1.00E-04
378,380,1.00E-04
381,382,1.00E-04
383,381,1.00E-04
384,89,1.00E-04
214,383,1.00E-04
381,230,1.00E-04
382,119,1.00E-04
223,372,1.00E-04
368,383,1.00E-04
382,384,1.00E-04
384,367,1.00E-04
124,305,1.00E-04
306,385,1.00E-04
382,385,1.00E-04
300,384,1.00E-04
385,123,1.00E-04
369,271,1.00E-04
386,387,1.00E-04
229,388,1.00E-04
232,387,1.00E-04
118,386,1.00E-04
386,385,1.00E-04
381,388,1.00E-04
387,388,1.00E-04
389,390,1.00E-04
391,134,1.00E-04
389,392,1.00E-04
392,135,1.00E-04
393,392,1.00E-04
394,138,1.00E-04
390,318,1.00E-04
315,391,1.00E-04
391,389,1.00E-04
390,393,1.00E-04
393,394,1.00E-04
394,325,1.00E-04
394,377,1.00E-04
395,396,1.00E-04
395,392,1.00E-04
397,395,1.00E-04
398,397,1.00E-04
393,398,1.00E-04
399,397,1.00E-04
396,389,1.00E-04
399,396,1.00E-04
400,398,1.00E-04
400,399,1.00E-04
390,400,1.00E-04
395,152,1.00E-04
401,244,1.00E-04
397,241,1.00E-04
401,376,1.00E-04
398,401,1.00E-04
402,403,1.00E-04
404,330,1.00E-04
405,169,1.00E-04
402,178,1.00E-04
403,147,1.00E-04
127,404,1.00E-04
403,404,1.00E-04
329,405,1.00E-04
405,402,1.00E-04
396,406,1.00E-04
403,406,1.00E-04
391,404,1.00E-04
406,151,1.00E-04
331,311,1.00E-04
177,407,1.00E-04
408,180,1.00E-04
409,408,1.00E-04
146,409,1.00E-04
407,402,1.00E-04
408,407,1.00E-04
409,406,1.00E-04
410,411,1.00E-04
412,410,1.00E-04
413,161,1.00E-04
251,412,1.00E-04
254,414,1.00E-04
410,414,1.00E-04
411,415,1.00E-04
416,414,1.00E-04
174,416,1.00E-04
415,416,1.00E-04
164,415,1.00E-04
387,412,1.00E-04
411,413,1.00E-04
413,386,1.00E-04
417,339,1.00E-04
418,415,1.00E-04
162,417,1.00E-04
418,417,1.00E-04
340,419,1.00E-04
411,419,1.00E-04
334,413,1.00E-04
419,418,1.00E-04
407,420,1.00E-04
418,420,1.00E-04
405,417,1.00E-04
420,416,1.00E-04
342,326,1.00E-04
421,422,1.00E-04
414,421,1.00E-04
410,422,1.00E-04
421,420,1.00E-04
419,422,1.00E-04
423,424,1.00E-04
425,426,1.00E-04
426,423,1.00E-04
427,423,1.00E-04
425,428,1.00E-04
427,429,1.00E-04
424,425,1.00E-04
430,426,1.00E-04
429,424,1.00E-04
430,427,1.00E-04
428,430,1.00E-04
428,429,1.00E-04
431,432,1.00E-04
433,431,1.00E-04
185,433,1.00E-04
184,434,1.00E-04
431,434,1.00E-04
193,423,1.00E-04
435,434,1.00E-04
191,436,1.00E-04
437,187,1.00E-04
432,429,1.00E-04
424,433,1.00E-04
432,435,1.00E-04
436,427,1.00E-04
435,437,1.00E-04
437,436,1.00E-04
437,359,1.00E-04
348,436,1.00E-04
438,439,1.00E-04
440,441,1.00E-04
441,438,1.00E-04
442,438,1.00E-04
435,442,1.00E-04
434,441,1.00E-04
442,443,1.00E-04
439,440,1.00E-04
440,431,1.00E-04
443,439,1.00E-04
432,443,1.00E-04
444,445,1.00E-04
446,444,1.00E-04
220,446,1.00E-04
219,447,1.00E-04
444,447,1.00E-04
225,438,1.00E-04
448,447,1.00E-04
224,449,1.00E-04
450,222,1.00E-04
445,443,1.00E-04
439,446,1.00E-04
445,448,1.00E-04
449,442,1.00E-04
448,450,1.00E-04
450,449,1.00E-04
450,371,1.00E-04
357,449,1.00E-04
451,452,1.00E-04
448,453,1.00E-04
447,451,1.00E-04
445,454,1.00E-04
452,454,1.00E-04
451,453,1.00E-04
452,444,1.00E-04
454,453,1.00E-04
455,456,1.00E-04
209,455,1.00E-04
455,457,1.00E-04
457,189,1.00E-04
458,457,1.00E-04
459,194,1.00E-04
456,379,1.00E-04
456,458,1.00E-04
458,459,1.00E-04
459,380,1.00E-04
459,426,1.00E-04
352,430,1.00E-04
460,461,1.00E-04
462,461,1.00E-04
463,464,1.00E-04
464,462,1.00E-04
460,457,1.00E-04
458,465,1.00E-04
455,462,1.00E-04
461,463,1.00E-04
465,460,1.00E-04
456,464,1.00E-04
463,465,1.00E-04
205,441,1.00E-04
203,466,1.00E-04
186,467,1.00E-04
440,468,1.00E-04
466,468,1.00E-04
467,466,1.00E-04
433,467,1.00E-04
468,204,1.00E-04
460,467,1.00E-04
465,425,1.00E-04
469,466,1.00E-04
470,469,1.00E-04
237,470,1.00E-04
469,249,1.00E-04
242,462,1.00E-04
461,470,1.00E-04
471,472,1.00E-04
250,472,1.00E-04
473,248,1.00E-04
471,202,1.00E-04
472,473,1.00E-04
468,471,1.00E-04
473,469,1.00E-04
474,215,1.00E-04
475,476,1.00E-04
476,477,1.00E-04
218,476,1.00E-04
221,478,1.00E-04
452,479,1.00E-04
475,474,1.00E-04
474,451,1.00E-04
477,479,1.00E-04
478,477,1.00E-04
446,478,1.00E-04
479,475,1.00E-04
471,478,1.00E-04
480,226,1.00E-04
480,476,1.00E-04
388,481,1.00E-04
475,481,1.00E-04
383,474,1.00E-04
481,480,1.00E-04
453,370,1.00E-04
482,477,1.00E-04
483,482,1.00E-04
257,483,1.00E-04
256,484,1.00E-04
482,484,1.00E-04
480,484,1.00E-04
472,483,1.00E-04
485,486,1.00E-04
484,485,1.00E-04
485,481,1.00E-04
486,482,1.00E-04
486,479,1.00E-04
487,488,1.00E-04
489,239,1.00E-04
487,490,1.00E-04
490,240,1.00E-04
491,490,1.00E-04
492,243,1.00E-04
488,400,1.00E-04
399,489,1.00E-04
489,487,1.00E-04
488,491,1.00E-04
491,492,1.00E-04
492,401,1.00E-04
492,464,1.00E-04
493,494,1.00E-04
493,490,1.00E-04
491,495,1.00E-04
488,496,1.00E-04
494,496,1.00E-04
494,487,1.00E-04
495,493,1.00E-04
496,495,1.00E-04
497,246,1.00E-04
497,498,1.00E-04
498,499,1.00E-04
235,498,1.00E-04
238,500,1.00E-04
473,501,1.00E-04
499,501,1.00E-04
500,499,1.00E-04
470,500,1.00E-04
501,497,1.00E-04
493,500,1.00E-04
495,463,1.00E-04
502,503,1.00E-04
504,409,1.00E-04
505,259,1.00E-04
502,506,1.00E-04
503,498,1.00E-04
234,504,1.00E-04
506,260,1.00E-04
497,506,1.00E-04
503,504,1.00E-04
408,505,1.00E-04
505,502,1.00E-04
494,507,1.00E-04
503,507,1.00E-04
489,504,1.00E-04
507,499,1.00E-04
508,509,1.00E-04
508,506,1.00E-04
509,502,1.00E-04
501,508,1.00E-04
509,507,1.00E-04
510,252,1.00E-04
511,512,1.00E-04
512,513,1.00E-04
255,512,1.00E-04
258,514,1.00E-04
486,515,1.00E-04
511,510,1.00E-04
510,485,1.00E-04
513,515,1.00E-04
514,513,1.00E-04
483,514,1.00E-04
515,511,1.00E-04
508,514,1.00E-04
516,421,1.00E-04
517,512,1.00E-04
253,516,1.00E-04
517,516,1.00E-04
422,518,1.00E-04
511,518,1.00E-04
412,510,1.00E-04
518,517,1.00E-04
509,519,1.00E-04
517,519,1.00E-04
505,516,1.00E-04
519,513,1.00E-04
518,520,1.00E-04
520,519,1.00E-04
520,515,1.00E-04
521,1,1.00E-04
521,2,1.00E-04
521,3,1.00E-04
521,4,1.00E-04
521,6,1.00E-04
521,7,1.00E-04
521,8,1.00E-04
521,5,1.00E-04
522,10,1.00E-04
522,9,1.00E-04
522,12,1.00E-04
522,11,1.00E-04
522,13,1.00E-04
522,14,1.00E-04
522,15,1.00E-04
522,16,1.00E-04
522,17,1.00E-04
522,18,1.00E-04
522,19,1.00E-04
522,20,1.00E-04
522,21,1.00E-04
522,22,1.00E-04
522,23,1.00E-04
522,24,1.00E-04
522,25,1.00E-04
522,26,1.00E-04
522,27,1.00E-04
522,28,1.00E-04
523,29,1.00E-04
523,31,1.00E-04
523,32,1.00E-04
523,33,1.00E-04
523,34,1.00E-04
523,30,1.00E-04
523,35,1.00E-04
523,14,1.00E-04
523,10,1.00E-04
523,36,1.00E-04
523,41,1.00E-04
523,37,1.00E-04
523,43,1.00E-04
523,39,1.00E-04
523,38,1.00E-04
523,40,1.00E-04
523,46,1.00E-04
523,13,1.00E-04
523,42,1.00E-04
523,15,1.00E-04
523,45,1.00E-04
523,44,1.00E-04
523,47,1.00E-04
523,16,1.00E-04
524,48,1.00E-04
524,50,1.00E-04
524,51,1.00E-04
524,52,1.00E-04
524,53,1.00E-04
524,49,1.00E-04
524,56,1.00E-04
524,55,1.00E-04
524,54,1.00E-04
524,40,1.00E-04
524,32,1.00E-04
524,11,1.00E-04
524,13,1.00E-04
524,57,1.00E-04
524,12,1.00E-04
524,58,1.00E-04
524,59,1.00E-04
524,61,1.00E-04
524,31,1.00E-04
524,62,1.00E-04
524,10,1.00E-04
524,9,1.00E-04
524,60,1.00E-04
524,63,1.00E-04
525,64,1.00E-04
525,47,1.00E-04
525,46,1.00E-04
525,66,1.00E-04
525,67,1.00E-04
525,65,1.00E-04
525,68,1.00E-04
525,22,1.00E-04
525,16,1.00E-04
525,69,1.00E-04
525,73,1.00E-04
525,70,1.00E-04
525,75,1.00E-04
525,72,1.00E-04
525,71,1.00E-04
525,40,1.00E-04
525,49,1.00E-04
525,13,1.00E-04
525,74,1.00E-04
525,21,1.00E-04
525,77,1.00E-04
525,76,1.00E-04
525,53,1.00E-04
525,11,1.00E-04
526,79,1.00E-04
526,78,1.00E-04
526,56,1.00E-04
526,48,1.00E-04
526,80,1.00E-04
526,81,1.00E-04
526,82,1.00E-04
526,83,1.00E-04
526,84,1.00E-04
526,85,1.00E-04
526,33,1.00E-04
526,32,1.00E-04
526,49,1.00E-04
526,72,1.00E-04
526,40,1.00E-04
526,86,1.00E-04
526,39,1.00E-04
526,87,1.00E-04
526,66,1.00E-04
526,46,1.00E-04
527,89,1.00E-04
527,88,1.00E-04
527,91,1.00E-04
527,90,1.00E-04
527,92,1.00E-04
527,93,1.00E-04
527,94,1.00E-04
527,95,1.00E-04
527,96,1.00E-04
527,97,1.00E-04
527,98,1.00E-04
527,99,1.00E-04
527,54,1.00E-04
527,55,1.00E-04
527,61,1.00E-04
527,100,1.00E-04
527,101,1.00E-04
527,102,1.00E-04
527,62,1.00E-04
527,63,1.00E-04
528,103,1.00E-04
528,105,1.00E-04
528,94,1.00E-04
528,95,1.00E-04
528,106,1.00E-04
528,104,1.00E-04
528,109,1.00E-04
528,108,1.00E-04
528,107,1.00E-04
528,110,1.00E-04
528,111,1.00E-04
528,78,1.00E-04
528,85,1.00E-04
528,55,1.00E-04
528,56,1.00E-04
528,102,1.00E-04
528,62,1.00E-04
528,112,1.00E-04
528,34,1.00E-04
528,30,1.00E-04
528,33,1.00E-04
528,32,1.00E-04
528,31,1.00E-04
528,29,1.00E-04
529,78,1.00E-04
529,106,1.00E-04
529,113,1.00E-04
529,114,1.00E-04
529,115,1.00E-04
529,79,1.00E-04
529,56,1.00E-04
529,55,1.00E-04
529,95,1.00E-04
529,80,1.00E-04
529,48,1.00E-04
529,116,1.00E-04
529,120,1.00E-04
529,118,1.00E-04
529,117,1.00E-04
529,119,1.00E-04
529,123,1.00E-04
529,92,1.00E-04
529,50,1.00E-04
529,54,1.00E-04
529,122,1.00E-04
529,121,1.00E-04
529,124,1.00E-04
529,90,1.00E-04
530,126,1.00E-04
530,125,1.00E-04
530,128,1.00E-04
530,127,1.00E-04
530,129,1.00E-04
530,71,1.00E-04
530,70,1.00E-04
530,130,1.00E-04
530,76,1.00E-04
530,131,1.00E-04
530,132,1.00E-04
530,133,1.00E-04
530,134,1.00E-04
530,135,1.00E-04
530,136,1.00E-04
530,77,1.00E-04
530,137,1.00E-04
530,75,1.00E-04
530,138,1.00E-04
530,139,1.00E-04
531,83,1.00E-04
531,140,1.00E-04
531,141,1.00E-04
531,142,1.00E-04
531,143,1.00E-04
531,82,1.00E-04
531,72,1.00E-04
531,71,1.00E-04
531,126,1.00E-04
531,87,1.00E-04
531,66,1.00E-04
531,144,1.00E-04
531,148,1.00E-04
531,146,1.00E-04
531,145,1.00E-04
531,147,1.00E-04
531,151,1.00E-04
531,129,1.00E-04
531,67,1.00E-04
531,70,1.00E-04
531,150,1.00E-04
531,149,1.00E-04
531,152,1.00E-04
531,130,1.00E-04
532,153,1.00E-04
532,155,1.00E-04
532,125,1.00E-04
532,126,1.00E-04
532,140,1.00E-04
532,154,1.00E-04
532,158,1.00E-04
532,157,1.00E-04
532,156,1.00E-04
532,120,1.00E-04
532,122,1.00E-04
532,83,1.00E-04
532,80,1.00E-04
532,71,1.00E-04
532,72,1.00E-04
532,131,1.00E-04
532,76,1.00E-04
532,159,1.00E-04
532,50,1.00E-04
532,51,1.00E-04
532,48,1.00E-04
532,49,1.00E-04
532,53,1.00E-04
532,52,1.00E-04
533,161,1.00E-04
533,160,1.00E-04
533,163,1.00E-04
533,162,1.00E-04
533,164,1.00E-04
533,117,1.00E-04
533,116,1.00E-04
533,165,1.00E-04
533,121,1.00E-04
533,166,1.00E-04
533,167,1.00E-04
533,168,1.00E-04
533,169,1.00E-04
533,170,1.00E-04
533,171,1.00E-04
533,122,1.00E-04
533,158,1.00E-04
533,120,1.00E-04
533,154,1.00E-04
533,153,1.00E-04
534,172,1.00E-04
534,115,1.00E-04
534,116,1.00E-04
534,165,1.00E-04
534,174,1.00E-04
534,173,1.00E-04
534,175,1.00E-04
534,81,1.00E-04
534,79,1.00E-04
534,176,1.00E-04
534,179,1.00E-04
534,177,1.00E-04
534,180,1.00E-04
534,170,1.00E-04
534,178,1.00E-04
534,120,1.00E-04
534,154,1.00E-04
534,80,1.00E-04
534,143,1.00E-04
534,82,1.00E-04
534,142,1.00E-04
534,141,1.00E-04
534,140,1.00E-04
534,83,1.00E-04
535,181,1.00E-04
535,37,1.00E-04
535,38,1.00E-04
535,182,1.00E-04
535,183,1.00E-04
535,184,1.00E-04
535,185,1.00E-04
535,186,1.00E-04
535,187,1.00E-04
535,43,1.00E-04
535,45,1.00E-04
535,44,1.00E-04
535,188,1.00E-04
535,189,1.00E-04
535,190,1.00E-04
535,191,1.00E-04
535,192,1.00E-04
535,193,1.00E-04
535,194,1.00E-04
535,195,1.00E-04
536,196,1.00E-04
536,198,1.00E-04
536,84,1.00E-04
536,86,1.00E-04
536,199,1.00E-04
536,197,1.00E-04
536,202,1.00E-04
536,201,1.00E-04
536,200,1.00E-04
536,203,1.00E-04
536,204,1.00E-04
536,182,1.00E-04
536,183,1.00E-04
536,39,1.00E-04
536,38,1.00E-04
536,85,1.00E-04
536,33,1.00E-04
536,110,1.00E-04
536,205,1.00E-04
536,206,1.00E-04
536,181,1.00E-04
536,37,1.00E-04
536,34,1.00E-04
536,111,1.00E-04
537,182,1.00E-04
537,199,1.00E-04
537,207,1.00E-04
537,208,1.00E-04
537,209,1.00E-04
537,188,1.00E-04
537,38,1.00E-04
537,39,1.00E-04
537,86,1.00E-04
537,190,1.00E-04
537,44,1.00E-04
537,210,1.00E-04
537,213,1.00E-04
537,212,1.00E-04
537,211,1.00E-04
537,148,1.00E-04
537,150,1.00E-04
537,87,1.00E-04
537,47,1.00E-04
537,46,1.00E-04
537,64,1.00E-04
537,65,1.00E-04
537,67,1.00E-04
537,66,1.00E-04
538,215,1.00E-04
538,214,1.00E-04
538,217,1.00E-04
538,216,1.00E-04
538,218,1.00E-04
538,219,1.00E-04
538,220,1.00E-04
538,221,1.00E-04
538,222,1.00E-04
538,223,1.00E-04
538,103,1.00E-04
538,104,1.00E-04
538,200,1.00E-04
538,201,1.00E-04
538,110,1.00E-04
538,224,1.00E-04
538,109,1.00E-04
538,225,1.00E-04
538,206,1.00E-04
538,111,1.00E-04
539,216,1.00E-04
539,226,1.00E-04
539,227,1.00E-04
539,228,1.00E-04
539,198,1.00E-04
539,200,1.00E-04
539,217,1.00E-04
539,230,1.00E-04
539,229,1.00E-04
539,110,1.00E-04
539,104,1.00E-04
539,84,1.00E-04
539,85,1.00E-04
539,175,1.00E-04
539,81,1.00E-04
539,231,1.00E-04
539,172,1.00E-04
539,232,1.00E-04
539,106,1.00E-04
539,113,1.00E-04
539,78,1.00E-04
539,79,1.00E-04
539,115,1.00E-04
539,114,1.00E-04
540,233,1.00E-04
540,144,1.00E-04
540,145,1.00E-04
540,234,1.00E-04
540,235,1.00E-04
540,236,1.00E-04
540,237,1.00E-04
540,238,1.00E-04
540,207,1.00E-04
540,148,1.00E-04
540,150,1.00E-04
540,149,1.00E-04
540,239,1.00E-04
540,240,1.00E-04
540,241,1.00E-04
540,208,1.00E-04
540,212,1.00E-04
540,242,1.00E-04
540,243,1.00E-04
540,244,1.00E-04
541,179,1.00E-04
541,143,1.00E-04
541,144,1.00E-04
541,233,1.00E-04
541,246,1.00E-04
541,245,1.00E-04
541,175,1.00E-04
541,81,1.00E-04
541,82,1.00E-04
541,247,1.00E-04
541,228,1.00E-04
541,248,1.00E-04
541,250,1.00E-04
541,236,1.00E-04
541,249,1.00E-04
541,148,1.00E-04
541,207,1.00E-04
541,87,1.00E-04
541,198,1.00E-04
541,84,1.00E-04
541,196,1.00E-04
541,197,1.00E-04
541,199,1.00E-04
541,86,1.00E-04
542,252,1.00E-04
542,251,1.00E-04
542,254,1.00E-04
542,253,1.00E-04
542,255,1.00E-04
542,256,1.00E-04
542,257,1.00E-04
542,258,1.00E-04
542,227,1.00E-04
542,231,1.00E-04
542,172,1.00E-04
542,173,1.00E-04
542,259,1.00E-04
542,260,1.00E-04
542,176,1.00E-04
542,228,1.00E-04
542,175,1.00E-04
542,247,1.00E-04
542,245,1.00E-04
542,179,1.00E-04
543,261,1.00E-04
543,262,1.00E-04
543,263,1.00E-04
543,264,1.00E-04
543,265,1.00E-04
543,266,1.00E-04
543,268,1.00E-04
543,270,1.00E-04
543,269,1.00E-04
543,267,1.00E-04
544,274,1.00E-04
544,272,1.00E-04
544,273,1.00E-04
544,276,1.00E-04
544,277,1.00E-04
544,278,1.00E-04
544,271,1.00E-04
544,275,1.00E-04
545,279,1.00E-04
545,280,1.00E-04
545,281,1.00E-04
545,282,1.00E-04
545,283,1.00E-04
545,284,1.00E-04
545,285,1.00E-04
545,286,1.00E-04
545,287,1.00E-04
545,288,1.00E-04
546,59,1.00E-04
546,60,1.00E-04
546,263,1.00E-04
546,266,1.00E-04
546,268,1.00E-04
546,9,1.00E-04
546,18,1.00E-04
546,57,1.00E-04
546,12,1.00E-04
546,290,1.00E-04
546,291,1.00E-04
546,19,1.00E-04
546,20,1.00E-04
546,292,1.00E-04
546,289,1.00E-04
546,269,1.00E-04
547,19,1.00E-04
547,291,1.00E-04
547,292,1.00E-04
547,20,1.00E-04
547,25,1.00E-04
547,2,1.00E-04
547,1,1.00E-04
547,23,1.00E-04
547,28,1.00E-04
547,280,1.00E-04
547,284,1.00E-04
547,293,1.00E-04
547,3,1.00E-04
547,285,1.00E-04
547,287,1.00E-04
547,8,1.00E-04
548,294,1.00E-04
548,295,1.00E-04
548,157,1.00E-04
548,156,1.00E-04
548,51,1.00E-04
548,58,1.00E-04
548,59,1.00E-04
548,52,1.00E-04
548,57,1.00E-04
548,159,1.00E-04
548,296,1.00E-04
548,290,1.00E-04
548,297,1.00E-04
548,289,1.00E-04
549,298,1.00E-04
549,300,1.00E-04
549,274,1.00E-04
549,273,1.00E-04
549,276,1.00E-04
549,88,1.00E-04
549,97,1.00E-04
549,301,1.00E-04
549,91,1.00E-04
549,302,1.00E-04
549,303,1.00E-04
549,98,1.00E-04
549,99,1.00E-04
549,304,1.00E-04
549,299,1.00E-04
549,278,1.00E-04
550,98,1.00E-04
550,303,1.00E-04
550,304,1.00E-04
550,99,1.00E-04
550,101,1.00E-04
550,262,1.00E-04
550,261,1.00E-04
550,61,1.00E-04
550,63,1.00E-04
550,295,1.00E-04
550,58,1.00E-04
550,60,1.00E-04
550,263,1.00E-04
550,59,1.00E-04
550,289,1.00E-04
550,269,1.00E-04
551,308,1.00E-04
551,298,1.00E-04
551,305,1.00E-04
551,301,1.00E-04
551,307,1.00E-04
551,309,1.00E-04
551,302,1.00E-04
551,310,1.00E-04
551,299,1.00E-04
551,306,1.00E-04
552,312,1.00E-04
552,315,1.00E-04
552,313,1.00E-04
552,314,1.00E-04
552,317,1.00E-04
552,311,1.00E-04
552,316,1.00E-04
552,318,1.00E-04
553,319,1.00E-04
553,155,1.00E-04
553,156,1.00E-04
553,159,1.00E-04
553,296,1.00E-04
553,125,1.00E-04
553,131,1.00E-04
553,321,1.00E-04
553,128,1.00E-04
553,322,1.00E-04
553,323,1.00E-04
553,132,1.00E-04
553,133,1.00E-04
553,324,1.00E-04
553,320,1.00E-04
553,297,1.00E-04
554,132,1.00E-04
554,323,1.00E-04
554,324,1.00E-04
554,133,1.00E-04
554,137,1.00E-04
554,281,1.00E-04
554,279,1.00E-04
554,136,1.00E-04
554,139,1.00E-04
554,312,1.00E-04
554,313,1.00E-04
554,325,1.00E-04
554,282,1.00E-04
554,314,1.00E-04
554,316,1.00E-04
554,286,1.00E-04
555,327,1.00E-04
555,329,1.00E-04
555,328,1.00E-04
555,319,1.00E-04
555,330,1.00E-04
555,321,1.00E-04
555,322,1.00E-04
555,326,1.00E-04
555,320,1.00E-04
555,331,1.00E-04
556,332,1.00E-04
556,334,1.00E-04
556,308,1.00E-04
556,307,1.00E-04
556,309,1.00E-04
556,160,1.00E-04
556,166,1.00E-04
556,335,1.00E-04
556,163,1.00E-04
556,336,1.00E-04
556,337,1.00E-04
556,167,1.00E-04
556,168,1.00E-04
556,338,1.00E-04
556,333,1.00E-04
556,310,1.00E-04
557,167,1.00E-04
557,337,1.00E-04
557,338,1.00E-04
557,168,1.00E-04
557,158,1.00E-04
557,157,1.00E-04
557,294,1.00E-04
557,171,1.00E-04
557,153,1.00E-04
557,327,1.00E-04
557,328,1.00E-04
557,155,1.00E-04
557,156,1.00E-04
557,319,1.00E-04
557,320,1.00E-04
557,297,1.00E-04
558,332,1.00E-04
558,339,1.00E-04
558,335,1.00E-04
558,336,1.00E-04
558,341,1.00E-04
558,333,1.00E-04
558,340,1.00E-04
558,342,1.00E-04
559,344,1.00E-04
559,349,1.00E-04
559,343,1.00E-04
559,345,1.00E-04
559,346,1.00E-04
559,347,1.00E-04
559,348,1.00E-04
559,350,1.00E-04
559,351,1.00E-04
559,352,1.00E-04
560,41,1.00E-04
560,42,1.00E-04
560,344,1.00E-04
560,343,1.00E-04
560,349,1.00E-04
560,15,1.00E-04
560,26,1.00E-04
560,35,1.00E-04
560,14,1.00E-04
560,354,1.00E-04
560,355,1.00E-04
560,24,1.00E-04
560,17,1.00E-04
560,356,1.00E-04
560,353,1.00E-04
560,350,1.00E-04
561,356,1.00E-04
561,17,1.00E-04
561,24,1.00E-04
561,355,1.00E-04
561,265,1.00E-04
561,4,1.00E-04
561,25,1.00E-04
561,2,1.00E-04
561,18,1.00E-04
561,19,1.00E-04
561,266,1.00E-04
561,1,1.00E-04
561,291,1.00E-04
561,268,1.00E-04
561,7,1.00E-04
561,267,1.00E-04
562,107,1.00E-04
562,358,1.00E-04
562,112,1.00E-04
562,108,1.00E-04
562,30,1.00E-04
562,29,1.00E-04
562,357,1.00E-04
562,354,1.00E-04
562,35,1.00E-04
562,359,1.00E-04
562,36,1.00E-04
562,41,1.00E-04
562,360,1.00E-04
562,353,1.00E-04
563,361,1.00E-04
563,105,1.00E-04
563,107,1.00E-04
563,112,1.00E-04
563,358,1.00E-04
563,94,1.00E-04
563,102,1.00E-04
563,363,1.00E-04
563,93,1.00E-04
563,364,1.00E-04
563,365,1.00E-04
563,100,1.00E-04
563,96,1.00E-04
563,366,1.00E-04
563,362,1.00E-04
563,360,1.00E-04
564,366,1.00E-04
564,96,1.00E-04
564,100,1.00E-04
564,365,1.00E-04
564,272,1.00E-04
564,264,1.00E-04
564,101,1.00E-04
564,262,1.00E-04
564,97,1.00E-04
564,98,1.00E-04
564,273,1.00E-04
564,261,1.00E-04
564,303,1.00E-04
564,276,1.00E-04
564,270,1.00E-04
564,275,1.00E-04
565,368,1.00E-04
565,367,1.00E-04
565,364,1.00E-04
565,363,1.00E-04
565,371,1.00E-04
565,372,1.00E-04
565,361,1.00E-04
565,369,1.00E-04
565,370,1.00E-04
565,362,1.00E-04
566,73,1.00E-04
566,74,1.00E-04
566,283,1.00E-04
566,68,1.00E-04
566,22,1.00E-04
566,21,1.00E-04
566,374,1.00E-04
566,284,1.00E-04
566,285,1.00E-04
566,23,1.00E-04
566,375,1.00E-04
566,27,1.00E-04
566,293,1.00E-04
566,28,1.00E-04
566,373,1.00E-04
566,288,1.00E-04
567,28,1.00E-04
567,293,1.00E-04
567,375,1.00E-04
567,27,1.00E-04
567,25,1.00E-04
567,2,1.00E-04
567,3,1.00E-04
567,26,1.00E-04
567,24,1.00E-04
567,347,1.00E-04
567,343,1.00E-04
567,355,1.00E-04
567,4,1.00E-04
567,349,1.00E-04
567,351,1.00E-04
567,5,1.00E-04
568,65,1.00E-04
568,64,1.00E-04
568,68,1.00E-04
568,73,1.00E-04
568,69,1.00E-04
568,211,1.00E-04
568,376,1.00E-04
568,377,1.00E-04
568,210,1.00E-04
568,213,1.00E-04
568,378,1.00E-04
568,374,1.00E-04
568,373,1.00E-04
568,379,1.00E-04
569,45,1.00E-04
569,42,1.00E-04
569,15,1.00E-04
569,16,1.00E-04
569,47,1.00E-04
569,44,1.00E-04
569,192,1.00E-04
569,345,1.00E-04
569,344,1.00E-04
569,190,1.00E-04
569,195,1.00E-04
569,64,1.00E-04
569,213,1.00E-04
569,22,1.00E-04
569,68,1.00E-04
569,26,1.00E-04
569,27,1.00E-04
569,343,1.00E-04
569,380,1.00E-04
569,346,1.00E-04
569,378,1.00E-04
569,374,1.00E-04
569,375,1.00E-04
569,347,1.00E-04
570,63,1.00E-04
570,60,1.00E-04
570,9,1.00E-04
570,10,1.00E-04
570,31,1.00E-04
570,62,1.00E-04
570,101,1.00E-04
570,262,1.00E-04
570,263,1.00E-04
570,102,1.00E-04
570,100,1.00E-04
570,29,1.00E-04
570,112,1.00E-04
570,14,1.00E-04
570,35,1.00E-04
570,18,1.00E-04
570,17,1.00E-04
570,266,1.00E-04
570,365,1.00E-04
570,264,1.00E-04
570,358,1.00E-04
570,354,1.00E-04
570,356,1.00E-04
570,265,1.00E-04
571,11,1.00E-04
571,53,1.00E-04
571,76,1.00E-04
571,77,1.00E-04
571,74,1.00E-04
571,21,1.00E-04
571,12,1.00E-04
571,57,1.00E-04
571,52,1.00E-04
571,23,1.00E-04
571,20,1.00E-04
571,283,1.00E-04
571,284,1.00E-04
571,137,1.00E-04
571,281,1.00E-04
571,131,1.00E-04
571,132,1.00E-04
571,159,1.00E-04
571,292,1.00E-04
571,290,1.00E-04
571,280,1.00E-04
571,279,1.00E-04
571,323,1.00E-04
571,296,1.00E-04
572,367,1.00E-04
572,384,1.00E-04
572,382,1.00E-04
572,381,1.00E-04
572,383,1.00E-04
572,368,1.00E-04
572,363,1.00E-04
572,93,1.00E-04
572,89,1.00E-04
572,372,1.00E-04
572,361,1.00E-04
572,214,1.00E-04
572,223,1.00E-04
572,230,1.00E-04
572,217,1.00E-04
572,119,1.00E-04
572,113,1.00E-04
572,92,1.00E-04
572,105,1.00E-04
572,94,1.00E-04
572,103,1.00E-04
572,104,1.00E-04
572,106,1.00E-04
572,95,1.00E-04
573,305,1.00E-04
573,124,1.00E-04
573,123,1.00E-04
573,119,1.00E-04
573,382,1.00E-04
573,90,1.00E-04
573,92,1.00E-04
573,301,1.00E-04
573,91,1.00E-04
573,298,1.00E-04
573,384,1.00E-04
573,89,1.00E-04
573,88,1.00E-04
573,300,1.00E-04
573,385,1.00E-04
573,306,1.00E-04
574,300,1.00E-04
574,88,1.00E-04
574,89,1.00E-04
574,384,1.00E-04
574,274,1.00E-04
574,367,1.00E-04
574,93,1.00E-04
574,363,1.00E-04
574,97,1.00E-04
574,96,1.00E-04
574,273,1.00E-04
574,364,1.00E-04
574,366,1.00E-04
574,272,1.00E-04
574,369,1.00E-04
574,271,1.00E-04
575,90,1.00E-04
575,124,1.00E-04
575,121,1.00E-04
575,122,1.00E-04
575,50,1.00E-04
575,54,1.00E-04
575,91,1.00E-04
575,301,1.00E-04
575,305,1.00E-04
575,61,1.00E-04
575,99,1.00E-04
575,51,1.00E-04
575,58,1.00E-04
575,158,1.00E-04
575,157,1.00E-04
575,166,1.00E-04
575,167,1.00E-04
575,307,1.00E-04
575,304,1.00E-04
575,302,1.00E-04
575,295,1.00E-04
575,294,1.00E-04
575,337,1.00E-04
575,309,1.00E-04
576,387,1.00E-04
576,386,1.00E-04
576,381,1.00E-04
576,382,1.00E-04
576,123,1.00E-04
576,118,1.00E-04
576,119,1.00E-04
576,229,1.00E-04
576,230,1.00E-04
576,232,1.00E-04
576,114,1.00E-04
576,113,1.00E-04
576,385,1.00E-04
576,388,1.00E-04
577,389,1.00E-04
577,391,1.00E-04
577,315,1.00E-04
577,392,1.00E-04
577,135,1.00E-04
577,134,1.00E-04
577,393,1.00E-04
577,313,1.00E-04
577,314,1.00E-04
577,136,1.00E-04
577,394,1.00E-04
577,138,1.00E-04
577,325,1.00E-04
577,139,1.00E-04
577,390,1.00E-04
577,318,1.00E-04
578,139,1.00E-04
578,325,1.00E-04
578,394,1.00E-04
578,138,1.00E-04
578,137,1.00E-04
578,281,1.00E-04
578,282,1.00E-04
578,75,1.00E-04
578,77,1.00E-04
578,377,1.00E-04
578,69,1.00E-04
578,74,1.00E-04
578,283,1.00E-04
578,73,1.00E-04
578,373,1.00E-04
578,288,1.00E-04
579,395,1.00E-04
579,392,1.00E-04
579,389,1.00E-04
579,399,1.00E-04
579,397,1.00E-04
579,398,1.00E-04
579,393,1.00E-04
579,396,1.00E-04
579,390,1.00E-04
579,400,1.00E-04
580,150,1.00E-04
580,67,1.00E-04
580,70,1.00E-04
580,130,1.00E-04
580,152,1.00E-04
580,149,1.00E-04
580,212,1.00E-04
580,211,1.00E-04
580,65,1.00E-04
580,241,1.00E-04
580,244,1.00E-04
580,395,1.00E-04
580,397,1.00E-04
580,135,1.00E-04
580,392,1.00E-04
580,75,1.00E-04
580,138,1.00E-04
580,69,1.00E-04
580,401,1.00E-04
580,376,1.00E-04
580,398,1.00E-04
580,393,1.00E-04
580,394,1.00E-04
580,377,1.00E-04
581,402,1.00E-04
581,405,1.00E-04
581,329,1.00E-04
581,330,1.00E-04
581,404,1.00E-04
581,403,1.00E-04
581,178,1.00E-04
581,170,1.00E-04
581,169,1.00E-04
581,147,1.00E-04
581,141,1.00E-04
581,127,1.00E-04
581,129,1.00E-04
581,321,1.00E-04
581,128,1.00E-04
581,328,1.00E-04
581,319,1.00E-04
581,171,1.00E-04
581,140,1.00E-04
581,154,1.00E-04
581,126,1.00E-04
581,125,1.00E-04
581,155,1.00E-04
581,153,1.00E-04
582,395,1.00E-04
582,152,1.00E-04
582,151,1.00E-04
582,392,1.00E-04
582,135,1.00E-04
582,130,1.00E-04
582,389,1.00E-04
582,147,1.00E-04
582,403,1.00E-04
582,129,1.00E-04
582,391,1.00E-04
582,134,1.00E-04
582,404,1.00E-04
582,127,1.00E-04
582,396,1.00E-04
582,406,1.00E-04
583,127,1.00E-04
583,404,1.00E-04
583,391,1.00E-04
583,134,1.00E-04
583,128,1.00E-04
583,321,1.00E-04
583,330,1.00E-04
583,136,1.00E-04
583,133,1.00E-04
583,315,1.00E-04
583,313,1.00E-04
583,324,1.00E-04
583,322,1.00E-04
583,312,1.00E-04
583,311,1.00E-04
583,331,1.00E-04
584,177,1.00E-04
584,178,1.00E-04
584,402,1.00E-04
584,408,1.00E-04
584,180,1.00E-04
584,142,1.00E-04
584,141,1.00E-04
584,403,1.00E-04
584,147,1.00E-04
584,409,1.00E-04
584,146,1.00E-04
584,151,1.00E-04
584,407,1.00E-04
584,406,1.00E-04
585,386,1.00E-04
585,413,1.00E-04
585,411,1.00E-04
585,410,1.00E-04
585,412,1.00E-04
585,387,1.00E-04
585,118,1.00E-04
585,117,1.00E-04
585,161,1.00E-04
585,232,1.00E-04
585,114,1.00E-04
585,251,1.00E-04
585,231,1.00E-04
585,414,1.00E-04
585,254,1.00E-04
585,415,1.00E-04
585,416,1.00E-04
585,164,1.00E-04
585,115,1.00E-04
585,116,1.00E-04
585,172,1.00E-04
585,173,1.00E-04
585,174,1.00E-04
585,165,1.00E-04
586,339,1.00E-04
586,417,1.00E-04
586,418,1.00E-04
586,415,1.00E-04
586,411,1.00E-04
586,162,1.00E-04
586,164,1.00E-04
586,335,1.00E-04
586,163,1.00E-04
586,332,1.00E-04
586,413,1.00E-04
586,161,1.00E-04
586,160,1.00E-04
586,334,1.00E-04
586,419,1.00E-04
586,340,1.00E-04
587,334,1.00E-04
587,160,1.00E-04
587,161,1.00E-04
587,413,1.00E-04
587,308,1.00E-04
587,386,1.00E-04
587,117,1.00E-04
587,118,1.00E-04
587,166,1.00E-04
587,121,1.00E-04
587,307,1.00E-04
587,123,1.00E-04
587,124,1.00E-04
587,305,1.00E-04
587,385,1.00E-04
587,306,1.00E-04
588,177,1.00E-04
588,174,1.00E-04
588,416,1.00E-04
588,178,1.00E-04
588,170,1.00E-04
588,165,1.00E-04
588,402,1.00E-04
588,415,1.00E-04
588,418,1.00E-04
588,164,1.00E-04
588,405,1.00E-04
588,169,1.00E-04
588,417,1.00E-04
588,162,1.00E-04
588,407,1.00E-04
588,420,1.00E-04
589,162,1.00E-04
589,417,1.00E-04
589,405,1.00E-04
589,169,1.00E-04
589,163,1.00E-04
589,335,1.00E-04
589,339,1.00E-04
589,171,1.00E-04
589,168,1.00E-04
589,329,1.00E-04
589,328,1.00E-04
589,338,1.00E-04
589,336,1.00E-04
589,327,1.00E-04
589,326,1.00E-04
589,342,1.00E-04
590,410,1.00E-04
590,411,1.00E-04
590,418,1.00E-04
590,415,1.00E-04
590,421,1.00E-04
590,414,1.00E-04
590,416,1.00E-04
590,419,1.00E-04
590,422,1.00E-04
590,420,1.00E-04
591,424,1.00E-04
591,427,1.00E-04
591,423,1.00E-04
591,426,1.00E-04
591,428,1.00E-04
591,429,1.00E-04
591,425,1.00E-04
591,430,1.00E-04
592,431,1.00E-04
592,433,1.00E-04
592,424,1.00E-04
592,423,1.00E-04
592,427,1.00E-04
592,185,1.00E-04
592,193,1.00E-04
592,434,1.00E-04
592,184,1.00E-04
592,435,1.00E-04
592,436,1.00E-04
592,191,1.00E-04
592,187,1.00E-04
592,437,1.00E-04
592,432,1.00E-04
592,429,1.00E-04
593,437,1.00E-04
593,187,1.00E-04
593,191,1.00E-04
593,436,1.00E-04
593,359,1.00E-04
593,348,1.00E-04
593,192,1.00E-04
593,345,1.00E-04
593,43,1.00E-04
593,45,1.00E-04
593,36,1.00E-04
593,344,1.00E-04
593,42,1.00E-04
593,41,1.00E-04
593,350,1.00E-04
593,353,1.00E-04
594,439,1.00E-04
594,442,1.00E-04
594,438,1.00E-04
594,441,1.00E-04
594,435,1.00E-04
594,434,1.00E-04
594,431,1.00E-04
594,443,1.00E-04
594,440,1.00E-04
594,432,1.00E-04
595,444,1.00E-04
595,446,1.00E-04
595,439,1.00E-04
595,438,1.00E-04
595,442,1.00E-04
595,220,1.00E-04
595,225,1.00E-04
595,447,1.00E-04
595,219,1.00E-04
595,448,1.00E-04
595,449,1.00E-04
595,224,1.00E-04
595,222,1.00E-04
595,450,1.00E-04
595,445,1.00E-04
595,443,1.00E-04
596,450,1.00E-04
596,222,1.00E-04
596,224,1.00E-04
596,449,1.00E-04
596,371,1.00E-04
596,357,1.00E-04
596,109,1.00E-04
596,108,1.00E-04
596,223,1.00E-04
596,103,1.00E-04
596,372,1.00E-04
596,107,1.00E-04
596,105,1.00E-04
596,361,1.00E-04
596,360,1.00E-04
596,362,1.00E-04
597,451,1.00E-04
597,448,1.00E-04
597,447,1.00E-04
597,444,1.00E-04
597,454,1.00E-04
597,452,1.00E-04
597,453,1.00E-04
597,445,1.00E-04
598,455,1.00E-04
598,209,1.00E-04
598,210,1.00E-04
598,457,1.00E-04
598,189,1.00E-04
598,188,1.00E-04
598,458,1.00E-04
598,213,1.00E-04
598,378,1.00E-04
598,190,1.00E-04
598,459,1.00E-04
598,194,1.00E-04
598,380,1.00E-04
598,195,1.00E-04
598,456,1.00E-04
598,379,1.00E-04
599,195,1.00E-04
599,380,1.00E-04
599,459,1.00E-04
599,194,1.00E-04
599,192,1.00E-04
599,345,1.00E-04
599,346,1.00E-04
599,193,1.00E-04
599,191,1.00E-04
599,426,1.00E-04
599,423,1.00E-04
599,436,1.00E-04
599,348,1.00E-04
599,427,1.00E-04
599,430,1.00E-04
599,352,1.00E-04
600,461,1.00E-04
600,460,1.00E-04
600,457,1.00E-04
600,455,1.00E-04
600,462,1.00E-04
600,464,1.00E-04
600,458,1.00E-04
600,463,1.00E-04
600,465,1.00E-04
600,456,1.00E-04
601,441,1.00E-04
601,205,1.00E-04
601,204,1.00E-04
601,434,1.00E-04
601,184,1.00E-04
601,181,1.00E-04
601,431,1.00E-04
601,203,1.00E-04
601,466,1.00E-04
601,183,1.00E-04
601,433,1.00E-04
601,185,1.00E-04
601,467,1.00E-04
601,186,1.00E-04
601,440,1.00E-04
601,468,1.00E-04
602,433,1.00E-04
602,185,1.00E-04
602,186,1.00E-04
602,467,1.00E-04
602,424,1.00E-04
602,460,1.00E-04
602,189,1.00E-04
602,457,1.00E-04
602,193,1.00E-04
602,194,1.00E-04
602,423,1.00E-04
602,458,1.00E-04
602,459,1.00E-04
602,426,1.00E-04
602,465,1.00E-04
602,425,1.00E-04
603,111,1.00E-04
603,34,1.00E-04
603,37,1.00E-04
603,181,1.00E-04
603,205,1.00E-04
603,206,1.00E-04
603,109,1.00E-04
603,108,1.00E-04
603,30,1.00E-04
603,225,1.00E-04
603,224,1.00E-04
603,441,1.00E-04
603,438,1.00E-04
603,184,1.00E-04
603,434,1.00E-04
603,43,1.00E-04
603,187,1.00E-04
603,36,1.00E-04
603,449,1.00E-04
603,357,1.00E-04
603,442,1.00E-04
603,435,1.00E-04
603,437,1.00E-04
603,359,1.00E-04
604,460,1.00E-04
604,467,1.00E-04
604,466,1.00E-04
604,469,1.00E-04
604,470,1.00E-04
604,461,1.00E-04
604,457,1.00E-04
604,189,1.00E-04
604,186,1.00E-04
604,462,1.00E-04
604,455,1.00E-04
604,237,1.00E-04
604,242,1.00E-04
604,249,1.00E-04
604,236,1.00E-04
604,203,1.00E-04
604,197,1.00E-04
604,183,1.00E-04
604,209,1.00E-04
604,188,1.00E-04
604,208,1.00E-04
604,207,1.00E-04
604,199,1.00E-04
604,182,1.00E-04
605,472,1.00E-04
605,471,1.00E-04
605,202,1.00E-04
605,196,1.00E-04
605,250,1.00E-04
605,248,1.00E-04
605,204,1.00E-04
605,197,1.00E-04
605,249,1.00E-04
605,203,1.00E-04
605,469,1.00E-04
605,466,1.00E-04
605,473,1.00E-04
605,468,1.00E-04
606,451,1.00E-04
606,474,1.00E-04
606,475,1.00E-04
606,447,1.00E-04
606,219,1.00E-04
606,215,1.00E-04
606,444,1.00E-04
606,476,1.00E-04
606,477,1.00E-04
606,218,1.00E-04
606,446,1.00E-04
606,220,1.00E-04
606,478,1.00E-04
606,221,1.00E-04
606,452,1.00E-04
606,479,1.00E-04
607,446,1.00E-04
607,220,1.00E-04
607,221,1.00E-04
607,478,1.00E-04
607,439,1.00E-04
607,471,1.00E-04
607,201,1.00E-04
607,202,1.00E-04
607,225,1.00E-04
607,206,1.00E-04
607,438,1.00E-04
607,204,1.00E-04
607,205,1.00E-04
607,441,1.00E-04
607,468,1.00E-04
607,440,1.00E-04
608,229,1.00E-04
608,226,1.00E-04
608,480,1.00E-04
608,476,1.00E-04
608,475,1.00E-04
608,216,1.00E-04
608,218,1.00E-04
608,230,1.00E-04
608,217,1.00E-04
608,381,1.00E-04
608,474,1.00E-04
608,215,1.00E-04
608,214,1.00E-04
608,383,1.00E-04
608,481,1.00E-04
608,388,1.00E-04
609,383,1.00E-04
609,214,1.00E-04
609,215,1.00E-04
609,474,1.00E-04
609,368,1.00E-04
609,451,1.00E-04
609,219,1.00E-04
609,447,1.00E-04
609,223,1.00E-04
609,222,1.00E-04
609,372,1.00E-04
609,448,1.00E-04
609,450,1.00E-04
609,371,1.00E-04
609,453,1.00E-04
609,370,1.00E-04
610,471,1.00E-04
610,478,1.00E-04
610,477,1.00E-04
610,482,1.00E-04
610,483,1.00E-04
610,472,1.00E-04
610,202,1.00E-04
610,201,1.00E-04
610,221,1.00E-04
610,250,1.00E-04
610,196,1.00E-04
610,257,1.00E-04
610,247,1.00E-04
610,484,1.00E-04
610,256,1.00E-04
610,476,1.00E-04
610,480,1.00E-04
610,218,1.00E-04
610,198,1.00E-04
610,200,1.00E-04
610,228,1.00E-04
610,227,1.00E-04
610,226,1.00E-04
610,216,1.00E-04
611,485,1.00E-04
611,475,1.00E-04
611,480,1.00E-04
611,484,1.00E-04
611,476,1.00E-04
611,482,1.00E-04
611,477,1.00E-04
611,486,1.00E-04
611,479,1.00E-04
611,481,1.00E-04
612,487,1.00E-04
612,489,1.00E-04
612,399,1.00E-04
612,490,1.00E-04
612,240,1.00E-04
612,239,1.00E-04
612,491,1.00E-04
612,397,1.00E-04
612,398,1.00E-04
612,241,1.00E-04
612,492,1.00E-04
612,243,1.00E-04
612,401,1.00E-04
612,244,1.00E-04
612,488,1.00E-04
612,400,1.00E-04
613,244,1.00E-04
613,401,1.00E-04
613,492,1.00E-04
613,243,1.00E-04
613,212,1.00E-04
613,211,1.00E-04
613,376,1.00E-04
613,242,1.00E-04
613,208,1.00E-04
613,464,1.00E-04
613,462,1.00E-04
613,209,1.00E-04
613,210,1.00E-04
613,455,1.00E-04
613,456,1.00E-04
613,379,1.00E-04
614,493,1.00E-04
614,490,1.00E-04
614,487,1.00E-04
614,491,1.00E-04
614,496,1.00E-04
614,494,1.00E-04
614,495,1.00E-04
614,488,1.00E-04
615,248,1.00E-04
615,246,1.00E-04
615,497,1.00E-04
615,249,1.00E-04
615,236,1.00E-04
615,233,1.00E-04
615,469,1.00E-04
615,498,1.00E-04
615,499,1.00E-04
615,235,1.00E-04
615,470,1.00E-04
615,237,1.00E-04
615,500,1.00E-04
615,238,1.00E-04
615,473,1.00E-04
615,501,1.00E-04
616,470,1.00E-04
616,237,1.00E-04
616,238,1.00E-04
616,500,1.00E-04
616,461,1.00E-04
616,493,1.00E-04
616,240,1.00E-04
616,490,1.00E-04
616,242,1.00E-04
616,243,1.00E-04
616,462,1.00E-04
616,491,1.00E-04
616,492,1.00E-04
616,464,1.00E-04
616,495,1.00E-04
616,463,1.00E-04
617,502,1.00E-04
617,505,1.00E-04
617,408,1.00E-04
617,409,1.00E-04
617,504,1.00E-04
617,503,1.00E-04
617,506,1.00E-04
617,260,1.00E-04
617,259,1.00E-04
617,498,1.00E-04
617,497,1.00E-04
617,234,1.00E-04
617,235,1.00E-04
617,146,1.00E-04
617,145,1.00E-04
617,180,1.00E-04
617,142,1.00E-04
617,176,1.00E-04
617,246,1.00E-04
617,245,1.00E-04
617,233,1.00E-04
617,144,1.00E-04
617,143,1.00E-04
617,179,1.00E-04
618,493,1.00E-04
618,500,1.00E-04
618,499,1.00E-04
618,490,1.00E-04
618,240,1.00E-04
618,238,1.00E-04
618,487,1.00E-04
618,498,1.00E-04
618,503,1.00E-04
618,235,1.00E-04
618,489,1.00E-04
618,239,1.00E-04
618,504,1.00E-04
618,234,1.00E-04
618,494,1.00E-04
618,507,1.00E-04
619,234,1.00E-04
619,504,1.00E-04
619,489,1.00E-04
619,239,1.00E-04
619,145,1.00E-04
619,146,1.00E-04
619,409,1.00E-04
619,241,1.00E-04
619,149,1.00E-04
619,399,1.00E-04
619,397,1.00E-04
619,152,1.00E-04
619,151,1.00E-04
619,395,1.00E-04
619,396,1.00E-04
619,406,1.00E-04
620,508,1.00E-04
620,506,1.00E-04
620,502,1.00E-04
620,497,1.00E-04
620,503,1.00E-04
620,498,1.00E-04
620,499,1.00E-04
620,509,1.00E-04
620,501,1.00E-04
620,507,1.00E-04
621,485,1.00E-04
621,510,1.00E-04
621,511,1.00E-04
621,484,1.00E-04
621,256,1.00E-04
621,252,1.00E-04
621,482,1.00E-04
621,512,1.00E-04
621,513,1.00E-04
621,255,1.00E-04
621,483,1.00E-04
621,257,1.00E-04
621,514,1.00E-04
621,258,1.00E-04
621,486,1.00E-04
621,515,1.00E-04
622,483,1.00E-04
622,257,1.00E-04
622,258,1.00E-04
622,514,1.00E-04
622,472,1.00E-04
622,508,1.00E-04
622,260,1.00E-04
622,506,1.00E-04
622,247,1.00E-04
622,245,1.00E-04
622,250,1.00E-04
622,497,1.00E-04
622,246,1.00E-04
622,248,1.00E-04
622,501,1.00E-04
622,473,1.00E-04
623,421,1.00E-04
623,516,1.00E-04
623,517,1.00E-04
623,512,1.00E-04
623,511,1.00E-04
623,253,1.00E-04
623,255,1.00E-04
623,414,1.00E-04
623,254,1.00E-04
623,410,1.00E-04
623,510,1.00E-04
623,252,1.00E-04
623,251,1.00E-04
623,412,1.00E-04
623,518,1.00E-04
623,422,1.00E-04
624,412,1.00E-04
624,251,1.00E-04
624,252,1.00E-04
624,510,1.00E-04
624,387,1.00E-04
624,485,1.00E-04
624,256,1.00E-04
624,484,1.00E-04
624,231,1.00E-04
624,227,1.00E-04
624,232,1.00E-04
624,480,1.00E-04
624,226,1.00E-04
624,229,1.00E-04
624,481,1.00E-04
624,388,1.00E-04
625,508,1.00E-04
625,514,1.00E-04
625,513,1.00E-04
625,506,1.00E-04
625,260,1.00E-04
625,258,1.00E-04
625,502,1.00E-04
625,512,1.00E-04
625,517,1.00E-04
625,255,1.00E-04
625,505,1.00E-04
625,259,1.00E-04
625,516,1.00E-04
625,253,1.00E-04
625,509,1.00E-04
625,519,1.00E-04
626,253,1.00E-04
626,516,1.00E-04
626,505,1.00E-04
626,259,1.00E-04
626,254,1.00E-04
626,414,1.00E-04
626,421,1.00E-04
626,176,1.00E-04
626,173,1.00E-04
626,408,1.00E-04
626,180,1.00E-04
626,174,1.00E-04
626,416,1.00E-04
626,177,1.00E-04
626,407,1.00E-04
626,420,1.00E-04
627,511,1.00E-04
627,517,1.00E-04
627,512,1.00E-04
627,513,1.00E-04
627,520,1.00E-04
627,515,1.00E-04
627,518,1.00E-04
627,519,1.00E-04
